Workbook

Sheet Proyectos SIF
B1: PROYECTOS SIF
B2: Municipio | C2: Subregión | D2: Indicador PDD | E2: N° Contrato/Convenio/BPIN | F2: Proyecto/ Actividad | G2: Descripción/Alcance | H2: Alcance | I2: Mapa | J2: Paquete | K2: Aporte Departamento | L2: Aporte Municipio | M2: Valor Total Proyecto | N2: Fuente Financiación | O2: Modalidad Contratación | P2: Vigencia | Q2: Estado | R2: Fecha de Inicio | S2: Fecha de Terminación | T2: % Avance | U2: Comentarios/Alertas
A3: 1 | B3: Abejorral | C3: Oriente | D3: RVS | E3: 4600018900 | F3: Mantenimiento por Estabilización | G3: Abejorral - Santa Barbara L= 23,77 km | H3: 23.77 | I3: Sí | J3: Estabilización | K3: 20453866674 | L3: 0 | M3: =+K3 -> 20453866674 | N3: Recursos Propios | O3: Contratación Directa | P3: 2025 | Q3: En ejecución | R3: 46174 | S3: 46497 | T3: 0.0066 | U3: Actividades preliminares Topografía, Expolaración geotécnica
B4: Abejorral | C4: Oriente | D4: RVS | E4: 4600018900 | F4: Mantenimiento por Estabilización | G4: Abejorral - La Frontera L=25,49 km | H4: 20.26 | I4: Sí | J4: Estabilización | K4: 23070485659 | L4: 0 | M4: =+K4 -> 23070485659 | N4: Recursos Propios | O4: Contratación Directa | P4: 2025 | Q4: En ejecución | R4: 46174 | S4: 46497 | T4: 0.001 | U4: Actividades preliminares Topografía, Expolaración geotécnica
B5: Abejorral | C5: Oriente | D5: RVU | E5: 2022003050018 | F5: Mejoramiento de las vías urbanas en los municipios de Abejorral y Sonsón | G5: 2,06 km | H5: 2.06 | K5: 4.4514491e+09 | L5: 695573310 | M5: =+K5+L5 -> 5.1470224e+09 | N5: Regalías | O5: Contratación Directa | P5: 2022 | Q5: Terminado | T5: 0.96 | U5: Información tomada de Gesproy. Proyecto que se inició en la administración anterior
B6: Abriaquí | C6: Occidente | D6: RVT | E6: 2019000040080 | F6: Mejoramiento de vías terciarias de los municipios del Occidente | G6: Abriaquí- Vía Quimulá | K6: 23880402999 | L6: 0 | M6: =+K6 -> 23880402999 | N6: Regalías | O6: Contratación Directa | P6: 2019 | Q6: En ejecución | T6: 0.8923
A7: 2 | B7: Abriaquí | C7: Occidente | D7: RVS | F7: Pavimentación Abriaquí-Frontino ( siniestro) | G7: Siniestro
B8: Abriaquí | C8: Occidente | D8: Equipamiento | E8: 4600015639 | F8: Adecuación y mejoramiento del parque principal | G8: 1659 m2 | K8: 1500000000 | L8: 234476838 | M8: =+K8+L8 -> 1734476838 | N8: Recursos Propios | O8: Convenio | P8: 2023 | Q8: Terminado | T8: 1
B9: Abriaquí | C9: Occidente | D9: RVS | E9: 4600014453 | F9: Mejoramiento, actividades y obras complementarias sobre el corredor vial Buenos Aires ( Cañargordas)- Abriaquí | G9: 10 km | H9: 10 | I9: Sí | J9: Mejoramiento | K9: 43458000000 | L9: 0 | M9: =+K9 -> 43458000000 | N9: Recursos Propios | O9: Convenio | P9: 2024 | Q9: En ejecución | T9: 0.92
B10: Abriaquí | C10: Occidente | D10: RVS | E10: 4600018738 | F10: Mejoramiento, actividades y obras complementarias sobre el corredor vial Buenos Aires ( Cañargordas)- Abriaquí | G10: 7,9 km | H10: 7.9 | I10: Sí | J10: Mejoramiento | K10: 6069000000 | L10: 0 | M10: =+K10 -> 6069000000 | N10: Recursos Propios | O10: Contratación Directa | P10: 2025 | Q10: En ejecución | U10: Vías Antioquia
A11: 3 | B11: Alejandría | C11: Oriente | D11: RVS | E11: 4600018900 | F11: Mantenimiento por estabilización | G11: San Rafael -San Roque Santo Domingo - Alejandría: L=25,72 km | H11: 2.26 | I11: Sí | J11: Estabilización | K11: =+'Estabilización datos '!G3*2.26 -> 3.8994714e+09 | L11: 0 | M11: =+K11 -> 3.8994714e+09 | N11: Recursos Propios | O11: Contratación Directa | P11: 2025 | Q11: En ejecución | T11: 0 | U11: Actividades preliminares Topografía, Expolaración geotécnica
B12: Alejandría | C12: Oriente | D12: E & D | E12: N/A | F12: Estudios y diseños OXI- Mantenimiento por Estabilización | G12: Santo Domingo- Alejandría: L= 5 km | H12: 5 | J12: E & D | K12: 6892222466 | L12: 0 | M12: =+K12 -> 6892222466 | N12: Recursos Propios | O12: Conratación Directa | P12: 2025 | Q12: En ejecución | T12: 0.03
B13: Alejandría | C13: Oriente | D13: RVU | E13: 4600017869 | F13: Pavimento Rígido- Vereda La Pava | G13: 0,75 km | H13: 0.75 | K13: 1640831632 | L13: 410207908 | M13: =+K13+L13 -> 2051039540 | N13: Recursos Propios | O13: Convenio | P13: 2025 | Q13: Terminado | T13: 1 | U13: Terminado 2025
B14: Alejandría | C14: Oriente | D14: RVT | E14: 25AS111B2696 | F14: Placa huella- Vía San José | G14: 0,3 km | H14: 0.3 | K14: 105000000 | L14: 292159565 | M14: =+L14+K14 -> 397159565 | N14: Materiales | O14: Convenio | P14: 2025 | Q14: Terminado | T14: 1 | U14: Terminado 2026
B15: Alejandría | C15: Oriente | D15: RVT | E15: 2025003050047 | F15: Placa huella | G15: 1 km | H15: 1 km | J15: Mejoramiento | K15: 2577210949 | L15: 0 | M15: =+K15 -> 2577210949 | N15: Regalías | O15: Contratación directa | P15: 2026 | Q15: En ejecución | T15: 0.23
B16: Alejandría | C16: Oriente | D16: RVT | E16: 24AS111B1776 | F16: Placa Huella | G16: 1 km | H16: 1 | K16: 349992727 | L16: 603615690 | M16: =+K16+L16 -> 953608417 | N16: Materiales | O16: Convenio | P16: 2024 | Q16: Terminado | T16: 1 | U16: Terminado 2024
B17: Amagá | C17: Suroeste | D17: RVS | E17: N/A | F17: Amagá-Angelopolis | G17: 11,2 km | H17: 11.2 | I17: Sí | J17: Mejoramiento
A18: 4 | B18: Amagá | C18: Suroeste | D18: RVT | E18: 2025003050003 | F18: Placa huella en las veredas Pueblitos la Delgadita, Malabrigo y Maní del Cardal | G18: 3,5 km | H18: 3.5 | I18: No | J18: Mejoramiento | K18: 4519742225 | L18: =+M18-K18 -> 1061912850 | M18: 5581655075 | N18: Regalías | O18: Contratación Directa | P18: 2025 | Q18: En ejecución | T18: 0.87
B19: Amalfi | C19: Nordeste | D19: RVT | E19: 2020000040028 | F19: Mejoramiento de Vías Rurales en los Municipios de Amalfi Remedios Vegachí y Yalí | G19: 3,3 km | H19: 3.3 | I19: No | J19: Mejoramiento | K19: 22647234828 | L19: 0 | M19: =+K19 -> 22647234828 | N19: Regalías | O19: Contratación Directa | P19: 2020 | Q19: En ejecución | T19: 0.6775 | U19: Información tomada de Gesproy. Proyecto que se inició en la administración anterior
A20: 5 | B20: Amalfi | C20: Nordeste | D20: RVS | E20: 23OO111B1457 | F20: Mejoramiento de las vías del GRUPO 1 de Circuitos Estratégicos del Departamento de Antioquia. LOTE 2: Nordeste | G20: Playas - Portachuelo - Chorritos- Amalfi (62AN21-4): L=1 km | H20: 1 | I20: Sí | J20: Mejoramiento | K20: 5175635183 | L20: 0 | M20: =+K20 -> 5175635183 | N20: Recursos Propios | O20: Licitación Pública | P20: 2023 | Q20: Terminado | T20: 1 | U20: Terminado 2024
B21: Amalfi | C21: Nordeste | D21: RVS | E21: N/A | F21: Mejoramiento de la vía entre el casco Urbano del Municipio de Amalfi y la vereda Chorritos. | G21: 5.87 | H21: 5.87 | I21: Sí | J21: Mejoramiento | K21: =+M21 -> 36179479644 | M21: 36179479644 | N21: OXI | O21: N/A | P21: 2025 | Q21: Por iniciar | T21: 0 | U21: Pendiente designación supervisor por parte de INVIAS
C22: Nordeste | D22: RVS | E22: 4600018883 | F22: Mantenimiento por estabilización | G22: Amalfi - Portachuelos - Santa Isabel: L=10 km | H22: 10 | I22: Sí | J22: Estabilización | K22: =+'Estabilización datos '!G8*10 -> 1.1470832e+10 | L22: 0 | M22: =+K22 -> 1.1470832e+10 | N22: Recursos Propios | O22: Licitación Pública | P22: 2025 | Q22: En ejecución | U22: En ejecución de actividades de topografía y ensayos de laboratorio
B23: Amalfi | C23: Nordeste | D23: RVT | E23: 2024003050241 | F23: Placa huella en la vereda Guayabito y el Táparo | G23: 2 km | H23: 2 | I23: No | J23: Mejoramiento | K23: 3.3857047e+09 | L23: 8.4642619e+08 | M23: 4232130933 | N23: Regalías | O23: Contratación Directa | P23: 2024 | Q23: En ejecución | T23: 0.18
A24: 6 | B24: Andes | C24: Suroeste | D24: RVS | E24: 25OO111B2824 | F24: Mantenimiento por estabilización | G24: Andes - San José - Pueblorrico: L=22,39 km | H24: 23.39 | I24: Sí | J24: Estabilización | K24: =1341963493*22.39 -> 3.0046563e+10 | L24: 0 | M24: =+K24 -> 3.0046563e+10 | N24: Recursos Propios | O24: Licitación Pública | P24: 2025 | Q24: En ejecución | U24: En ejecución de actividades de topografía y ensayos de laboratorio
B25: Andes | C25: Suroeste | D25: RVT | E25: 24AS111B2029 | F25: Placa Huella | G25: 1km | H25: 1 | K25: 350000000 | L25: 487439836 | M25: =+K25+L25 -> 837439836 | N25: Materiales | O25: Convenio | P25: 2024 | Q25: Terminado | T25: 1 | U25: Terminado 2026
B26: Andes | C26: Suroeste | D26: RVS | E26: 4600017302 | F26: Estudios y diseños Fase III, destinados a la intervención de la vía La Ye a la Bodega- Buenos Aires | G26: 9,2 km | H26: 9.2 | K26: 149755110 | L26: 321685399 | M26: =+K26+L26 -> 471440509 | N26: Recursos Propios | O26: Convenio | P26: 2024 | Q26: Terminado | T26: 1 | U26: Terminado
B27: Andes | C27: Suroeste | D27: RVS | E27: 26OO111B2863 | F27: Mejoramiento vía La Ye a La Bodega (Andes) - Buenos Aires | G27: 9,2 km | H27: 9.2 | I27: Sí | J27: Mejoramiento | K27: 22480950715 | L27: 0 | M27: =+K27 -> 22480950715 | N27: Regalías | O27: Licitación Pública | P27: 2025 | Q27: Por iniciar | U27: Adjudicado
B28: Andes | C28: Suroeste | D28: Espacio Público | E28: 4600014774 | F28: Parque La Chaparrala | G28: 14373 m2 | K28: 4500000000 | L28: =+M28-K28 -> 1316681148 | M28: 5816681148 | N28: Recursos Propios | O28: Convenio | P28: 2022 | Q28: Terminado | T28: 1 | U28: Terminado 2025
B29: Andes | C29: Suroeste | D29: RVT | E29: 24AS111B2047 | F29: Mejoramiento mediante enrocado | G29: 0,25 km | H29: 0.25 | K29: 496038085 | L29: 0 | M29: =1984152341/4 -> 4.9603809e+08 | N29: Recursos Propios | O29: Convenio | P29: 2025 | Q29: Teminado | T29: 1 | U29: Suspendido hasta el 29/03/2026
B30: Andes | C30: Suroeste | D30: Espacio Público | E30: N/A | F30: Proyecto PAISA en Andes | G30: Cancha emblemática y mobiliario lúdico | K30: 100000000 | L30: 50000000 | M30: =+K30+L30 -> 150000000 | N30: Recursos Propios | O30: Convenio | P30: 2025 | Q30: En estructuración | U30: En estructuración
B31: Andes | C31: Suroeste | D31: Valorización | E31: 4600017793 | F31: Estudios y diseños, destinados a la intervención de corredores viales del Departamento de Antioquia | G31: Tapartó (Andes): L= 21,57 km | H31: 21.57 | I31: Sí | J31: Valorización | K31: 17166424376 | L31: 0 | M31: =+K31 -> 17166424376 | N31: Recursos Propios | O31: Contratación directa | P31: 2024 | Q31: En ejecución | U31: El valor total corresponde al valor de todo el convenio de estudios y diseños de los 14 corredores de valorización
B32: Andes | C32: Suroeste | D32: Valorización | E32: 4600017793 | F32: Estudios y diseños de vías a intervenir por Valorización | G32: Jericó-Buenos Aires- La Bodega ( Andes): L= 16,45 | H32: 2.66 | I32: Sí | J32: Valorización | K32: 17166424376 | L32: 0 | M32: =+K32 -> 17166424376 | N32: Recursos Propios | O32: Contratación directa | P32: 2024 | Q32: En ejecución | T32: 0.87 | U32: El valor total corresponde al valor de todo el convenio de estudios y diseños de los 14 corredores de valorización
B33: Andes | C33: Suroeste | D33: RVT | E33: 25AS111B2781 | F33: Placa huella JAC Vereda La Solita | G33: 0,2 km | H33: 0.2 | K33: 223022690 | L33: 24056079 | M33: =+K33+L33 -> 247078769 | N33: Recursos Propios | O33: Convenio | P33: 2025 | Q33: Terminado | T33: 1 | U33: Terminado 2026
B34: Andes | C34: Suroeste | D34: RVT | E34: 2024003050237 | F34: Placa huella Santa Rita | G34: 6 km | H34: 6 | I34: No | J34: Mejoramiento | K34: 9359210977 | L34: 2311092391 | M34: =+K34+L34 -> 11670303368 | N34: Regalías | O34: Contratación Directa | P34: 2025 | Q34: Terminado | T34: 1 | U34: Terminado 2026
B35: Angelópolis | C35: Suroeste | D35: RVS | F35: Amagá-Angelopolis | G35: Siniestro | H35: Siniestro
B36: Angelópolis | C36: Suroeste | D36: RVT | E36: 24AS111B1979 | F36: Placa Huella | G36: 1 km | H36: 1 | K36: 264662480 | L36: 364897398 | M36: 830315725 | N36: Cafeteros / Materiales | O36: Convenio | P36: 2024 | Q36: Terminado | T36: 1
B37: Angostura | C37: Norte | D37: RVS | E37: 24OO111B1661 | F37: Mejoramiento de las vías del GRUPO 3 de Circuitos Estratégicos del Departamento Antioquia | G37: Vía La Ese - Angostura - La Ye (Partidas a Angostura) - La Herradura L=2,00 Km | H37: 2 | I37: Sí | J37: Mejoramiento | K37: 7842065818 | L37: 0 | M37: 7842065818 | N37: Recursos Propios | O37: Licitación Pública | P37: 2024 | Q37: Terminado | T37: 1 | U37: Terminado 2025
A38: 8 | B38: Angostura | C38: Norte | D38: RVS | E38: 46000018883 | F38: Mantenimiento por estabilización | G38: Carolina del Príncipe Angostura: L=13,62 km | H38: 13.62 | I38: Sí | J38: Estabilización | K38: =1341407247*13.62 -> 1.8269967e+10 | L38: 0 | M38: =+K38 -> 1.8269967e+10 | N38: Recursos Propios | O38: Licitación Pública | P38: 2025 | Q38: En ejecución | U38: En actividades preliminares
B39: Angostura | C39: Norte | D39: RVT | E39: 2025003050057 | F39: Placa huella Matablanco | G39: 1 km | H39: 1 | I39: No | J39: Mejoramiento | K39: 2205897938 | L39: 0 | M39: =+K39 -> 2205897938 | N39: Regalías | O39: Contratación directa | P39: 2025 | Q39: Por iniciar | T39: 0 | U39: Sin contratar
B40: Angostura | C40: Norte | D40: RVT | E40: 24AS111B1979 | F40: Placa Huella | G40: 1 km | H40: 1 | I40: No | K40: 265194900 | L40: 463744518 | M40: 913939418 | N40: Cafeteros / Materiales | O40: Convenio | P40: 2024 | Q40: Terminado | T40: 1 | U40: Se ejecutaron 1,26 km
A41: 9 | B41: Anorí | C41: Nordeste | D41: RVT | E41: 2025003050028 | F41: Placa huella Las Nieves-Las Casitas | G41: 2 km | H41: 2 | I41: No | J41: Mejoramiento | K41: 3730904684 | L41: 932726171 | M41: =+K41+L41 -> 4663630855 | N41: Regalías | O41: Contratación Directa | P41: 2025 | Q41: En ejecución | T41: 0.78
B42: Anorí | C42: Nordeste | F42: Estudios y diseños OXI- Mantenimiento por Estabilización | G42: Campamento-Anorí: L= 13 km | H42: 13 | K42: - | L42: - | M42: - | N42: OXI | O42: N/A | P42: 2025 | Q42: En ejecución | U42: En estudios y diseños
B43: Anorí | C43: Nordeste | D43: RVS | F43: Mejoramiento de la vía Campamento - Río Nechí - Ye de Anorí en el municipio de Anorí, etapa I, Antioquia | G43: 4 km | H43: 4 | K43: - | L43: - | M43: 19274864053 | N43: OXI | O43: N/A | P43: 2024 | Q43: Por iniciar | U43: Se encuentra en la última etapa del proceso de contratación. Contribuyente: Argos
B44: Anorí | F44: Construcción de 2,4 kilometros de placa huella en la vereda La Casita | G44: 2,4 km | H44: 2 | K44: 8333557271 | L44: 0 | M44: =+K44 -> 8333557271 | N44: OXI | O44: N/A | P44: 2026 | Q44: Viabilizado | U44: Viabilizado el 16/02/2026. 23/04/2026. A la espera del cupo CONFIS que cierra el 31 de mayo de 2026
B45: Anorí | C45: Nordeste | D45: RVT | E45: 24AS111B1787 | F45: Placa Huella- Vía La Primavera-Las Nieves Vía La Primavera- La Guayana | G45: 1 km | H45: 1 | K45: 349983373 | L45: 471746826 | M45: =+K45+L45 -> 821730199 | N45: Materiales | O45: Convenio | P45: 2024 | Q45: Terminado | T45: 1 | U45: Terminado 2025
A46: 10 | B46: Anzá | C46: Occidente | D46: Puentes & P.A.P | E46: N/A | F46: Construcción Puente | G46: Puente vehicular Quebrada El Chocho | K46: 690112000 | L46: 0 | M46: =+K46 -> 690112000 | N46: Regalías | O46: Contratación Directa | P46: 2026 | Q46: En estructuración | T46: 0 | U46: En revisión y estructuración
B47: Anzá | C47: Occidente | D47: RVT | E47: 24AS111B2026 | F47: Placa Huella | G47: 1 km | H47: 1 | K47: 350000000 | L47: 394188839 | M47: =+K47+L47 -> 744188839 | N47: Materiales | O47: Convenio | P47: 2024 | Q47: En ejecución | T47: 0.9
B48: Apartadó | C48: Urabá | D48: RVT | F48: Placa huella Churidó | G48: 1 km | H48: 1
B49: Apartadó | C49: Urabá | D49: RVT | F49: Placa huella Puerto Girón | G49: 1 km | H49: 1 | Q49: En ejecución | U49: Aprobar
B50: Apartadó | C50: Urabá | D50: Espacio Público | E50: 2022050450076 | F50: Parques Ciudad Nodo Ortiz- Vélez Etapa 1 | G50: 9915 m2 | K50: 7000000000 | L50: 2557154473 | M50: =+K50+L50 -> 9557154473 | N50: Regalías | O50: Licitación Pública | P50: 2022 | Q50: En ejecución | T50: 0.8839 | U50: En ejecución
B51: Apartadó | C51: Urabá | D51: Espacio Público | E51: 2022050450076 | F51: Construcción de la cicloinfraestructura (biosaludable educativa y deportiva) urbanismo mejoramiento vial y obras complementarias de la calle 100 en el municipio de Apartadó | G51: 2,05 km | H51: 2.05 | K51: 6000000000 | L51: 11998323605 | M51: =+K51+L51 -> 17998323605 | N51: Regalías | P51: 2021 | Q51: En ejecución | T51: 0.992 | U51: En ejecución
B52: Apartadó | C52: Urabá | D52: RVT | E52: 2018000040043 | F52: Mejoramiento en pavimento rígido de vías terciarias de los municipios del Urabá (Asomura) | G52: 16,61 km | H52: 16.61 | K52: 27649350315 | L52: 0 | M52: =+K52 -> 27649350315 | N52: Regalías | P52: 2018 | Q52: En ejecución | T52: 0.8254 | U52: En ejecución
B53: Apartadó | C53: Urabá | D53: Espacio Público | F53: Parque La Martina | G53: 5280 m2 | H53: 5280 m2 | K53: 1100000000 | L53: 2782817007 | M53: =+K53+L53 -> 3882817007 | N53: Recursos Propios | O53: Convenio | P53: 2022 | Q53: Terminado | T53: 0.8 | U53: Finalizado sin terminar la ejecución en el 2025
B54: Arboletes | C54: Urabá | D54: RVS | E54: N/A | F54: Puente de la vereda Buenos Aires | G54: L= 13 m S=6 m | I54: No | K54: 2375000000 | L54: 0 | M54: 2375000000 | N54: Regalías | O54: N/A | P54: 2025 | Q54: En estructuración | U54: En estructuración
B55: Arboletes | C55: Urabá | D55: Equipamiento | E55: 4600014899 | F55: Funcionamiento Plaza de mercado | G55: 4692,22 m2 | I55: No | K55: 299660621 | L55: 0 | M55: =+K55 -> 299660621 | N55: Recursos Propios | O55: Convenio | P55: 2023 | Q55: Terminado | T55: 1
B56: Arboletes | C56: Urabá | D56: RVT | E56: 2020050510147 | F56: Placa huella Vereda Bajo la Arenosa | G56: 1,1 km | H56: 1.1 | I56: No | K56: 1440000000 | L56: 360000000 | M56: =+K56+L56 -> 1800000000 | N56: Regalías | O56: Contratación Directa | P56: 2020 | Q56: En ejecución | T56: 0.93 | U56: Información tomada de Gesproy. Proyecto que se inició en la administración anterior
B57: Arboletes | C57: Urabá | D57: RVT | E57: 25AS111B2818 | F57: Placa huella JAC Vereda Pajillal | G57: 0,1 km | H57: 0.1 | I57: No | K57: 122411722 | L57: 8999214 | M57: =+K57+L57 -> 131410936 | N57: Recursos Propios | O57: Convenio | P57: 2025 | Q57: En ejecución | T57: 0.1
B58: Arboletes | C58: Urabá | D58: RVS | E58: 25OO111B2822 | F58: Mantenimiento por estabilización | G58: San Pedro de Urabá - Arboletes: L=30 km | H58: 30 | I58: Sí | J58: Estabilización | K58: =1530782644*30 -> 45923479320 | L58: 0 | M58: =+K58 -> 45923479320 | N58: Recursos Propios | O58: Licitación Pública | P58: 2025 | Q58: En ejecución | U58: En actividades preliminares
B59: Argelia | C59: Oriente | D59: RVS | E59: 4600017743 | F59: Actividades de mantenimiento manual | G59: 8,8 km | H59: 8.8 | K59: 11702657 | L59: 0 | M59: =+K59 -> 11702657 | N59: Recursos Propios | O59: Convenio | P59: 2024 | Q59: Terminado | T59: 1 | U59: Terminado 2025
B60: Argelia | C60: Oriente | D60: RVT | E60: 2020050550084 | F60: Mejoramiento de la vía terciaria del sector Villeta | G60: 1 km | H60: 1 | K60: 2244829831 | L60: 0 | M60: 2244829831 | N60: Regalías | O60: Contratación Directa | P60: 2020 | Q60: En ejecución | T60: 0.96 | U60: En ejecución
B61: Argelia | C61: Oriente | D61: RVT | E61: N/A | F61: Placa huella Salida a la Cuchilla,Rosario, Villeta Florida, La Quiebra,Guaimaral - San Agustín - El Recreo | G61: 6 km | H61: 6 | K61: 14386750676 | L61: 0 | M61: 14386750676 | N61: Regalías | O61: Convenio | P61: 2025 | Q61: En estructuración | U61: En revisión y estructuración para viabilización
A62: 14 | B62: Armenia | C62: Occidente | D62: RVS | E62: 25OO111B2821 | F62: Mantenimiento por estabilización | G62: Armenia- Titiribí: L= 5 km | H62: Armenia- Titiribí: L= 5 | K62: =1346222109*5 -> 6731110545 | L62: 0 | M62: =+K62 -> 6731110545 | N62: Recursos Propios | O62: Licitación Pública | P62: 2025 | Q62: En ejecución | U62: En actividades preliminares
B63: Armenia | C63: Occidente | D63: RVS | E63: 4600014783 | F63: Mejoramiento de los corredores Alto del Chuscal-Amenia- La Herradura-Titiribí, y La Miserenga- Ebéjico-Sevilla- Heliconia - Alto del Chuscal | G63: Alto del Chuscal-Amenia- La Herradura-Titiribí, y La Miserenga: L= 3 km La Miserenga- Ebéjico-Sevilla- Heliconia - Alto del Chuscal: L=2,078 km | H63: Alto del Chuscal-Amenia- La Herradura-Titiribí, y La Miserenga: L= 3 La Miserenga- Ebéjico-Sevilla- Heliconia - Alto del Chuscal: L=2,078 | K63: 19559076397 | L63: 0 | M63: =+K63 -> 19559076397 | N63: Regalías | O63: Licitación Pública | P63: 2022 | Q63: Terminado | T63: 1 | U63: Terminado 2025
B64: Armenia | C64: Occidente | D64: RVS | F64: Estudios y diseños destinados a obras de mitigación, sobre la Vía, Alto Chuscal-Armenia-Herradura-Titiribí | G64: 21 km | H64: 21 | K64: 260000000 | L64: =+M64-K64 -> 57000000 | M64: 317000000 | N64: Recursos Propios | O64: Convenio | P64: 2024 | Q64: Terminado | T64: 1 | U64: Terminado 2025
B65: Barbosa | C65: Valle de Aburrá | D65: RVT | E65: 25AS111B2789 | F65: Placa huella JAC Vereda Aguas Claras | G65: 0,2 km | H65: 0.2 | K65: 230190574 | L65: 26293645 | M65: =+K65+L65 -> 256484219 | N65: Recursos Propios | O65: Convenio | P65: 2025 | Q65: Terminado | T65: 1 | U65: Terminado 2026
B66: Barbosa | C66: Valle de Aburrá | D66: RVS | F66: Mejoramiento del corredor Barbosa-Concepción y construcción de obras de estabilización | G66: 4 km | H66: 4 | K66: =+M66 -> 12037419164 | L66: 0 | M66: 12037419164 | N66: Recursos Propios | O66: Contratación Directa | P66: 2025 | Q66: Por iniciar | U66: Por iniciar
A67: 16 | B67: Bello | C67: Valle de Aburrá | D67: Espacio Público | F67: Plaza de mercado | G67: 12600 m2 | H67: 12600 m2 | K67: 4527406223 | L67: 18109624891 | M67: 22637031114 | N67: Recursos Propios | O67: Licitación Pública | P67: 2021 | Q67: Terminado | T67: 1 | U67: Terminado 2025
B68: Bello | C68: Valle de Aburrá | D68: RVS | F68: Vía Machado: Vía Uniminuto- Copacabana | G68: 6,1 km | H68: 6.1 | K68: 3288792068 | L68: 0 | M68: =+K68 -> 3288792068 | N68: Recursos Propios | O68: Contratación Directa | P68: 2025 | Q68: Por iniciar | U68: Por iniciar
A69: 17 | B69: Belmira | C69: Norte | D69: RVS | F69: Mantenimiento por estabilización | G69: Sopetrán - Horizontes - Belmira: L= 33,59 km | H69: Sopetrán - Horizontes - Belmira: L= 33,59 | K69: =1341407247*33.59 -> 4.5057869e+10 | L69: 0 | M69: =+K69 -> 4.5057869e+10 | N69: Recursos Propios | O69: Licitación Pública | P69: 2025 | Q69: En ejecución | U69: En actividades preliminares
B70: Belmira | C70: Norte | D70: RVS | F70: Mejoramiento de las vías del GRUPO 3 de circuitos estratégicos del departamento de Antioquia. | G70: Vía El Chaquiro (Ruta 25) - Aragón - Te a Labores. km 27+291-km 26+591.Belmira | H70: Vía El Chaquiro (Ruta 25) - Aragón - Te a Labores. 27+291- 26+591.Belmira | K70: 33992353 | L70: 0 | M70: =+K70 -> 33992353 | N70: Recursos Propios | O70: Licitación Pública | P70: 2024 | Q70: Terminado | T70: 1 | U70: Terminado 2025
B71: Betania | C71: Suroeste | D71: RVT | E71: 2021003050023 | F71: Mejoramiento de vías terciarias, para la reactivación Económica, en los Municipios de Ciudad Bolivar, Hispania, Salgar y Betania | G71: 5,1 km | H71: 5.1 | K71: 9.8712593e+09 | L71: 0 | M71: =+K71 -> 9.8712593e+09 | N71: Regalías | P71: 2021 | Q71: En ejecución | T71: 0.97 | U71: En ejecución
B72: Betania | C72: Suroeste | D72: RVS | F72: Mejoramiento y mantenimiento de las vías del GRUPO 1 de Circuitos Estratégicos del Departamento de Antioquia. LOTE 1: Suroeste, Occidente y Urabá | G72: Puente nuevo (ruta 60) - El Tablazo - Betania: L=1 km | H72: Puente nuevo (ruta 60) - El Tablazo - Betania: L=1 | K72: =+M72 -> 1.2666667e+09 | L72: 0 | M72: =3800000000/3 -> 1.2666667e+09 | N72: Recursos Propios | O72: Licitación Pública | P72: 2023 | Q72: Terminado | T72: 1 | U72: Terminado 2024
B73: Betania | C73: Suroeste | D73: Puentes & P.A.P | E73: N/A | F73: Construcción Puente | G73: Puente vehicular La Solita (Puente Nuevo) | H73: Puente vehicular La Solita (Puente Nuevo) | K73: =+M73 -> 1665137503 | L73: 0 | M73: 1665137503 | N73: Regalías | P73: 2026 | Q73: En estructuración | U73: En revisión y estructuración Etapa 2- Puentes
B74: Betania | C74: Suroeste | D74: RVS | F74: Actividades de mantenimiento manual | G74: 31,1 km | H74: 31.1 | K74: 41355650 | L74: 0 | M74: =+K74 -> 41355650 | N74: Recursos Propios | O74: Convenio | P74: 2024 | Q74: Terminado | T74: 1 | U74: Terminado 2025
B75: Betania | C75: Suroeste | D75: Valorización | E75: 4600017793 | F75: Estudios y diseños de vías a intervenir por Valorización | G75: Betania-Puente Nuevo-Nacional 60: L=17,22 km | H75: 17.22 | I75: Sí | J75: Valorización | K75: 17166424376 | L75: 0 | M75: =+K75 -> 17166424376 | N75: Recursos Propios | O75: Contratación directa | P75: 2024 | Q75: En ejecución | T75: 0.87 | U75: El valor total corresponde al valor de todo el convenio de estudios y diseños de los 14 corredores de valorización
B76: Betania | C76: Suroeste | D76: RVT | E76: 2025003050038 | F76: Placa huella vía Pedral Arriba Sector San Luis | G76: 1 km | H76: 1 | K76: 1500000000 | L76: 638705796 | M76: =+K76+L76 -> 2138705796 | N76: Regalías | O76: Contratación directa | P76: 2026 | Q76: En ejecución
B77: Betania | C77: Suroeste | D77: RVT | E77: 24AS111B2057 | F77: Placa Huella | G77: 1 km | H77: 1 | K77: 350000000 | L77: 463793975 | M77: =+L77+K77 -> 813793975 | N77: Materiales | O77: Convenio | P77: 2024 | Q77: En ejecución | T77: 0.3 | U77: Fecha de reanudación 24/04/2026
B78: Betulia | C78: Suroeste | D78: Valorización | E78: 4600017793 | F78: Estudios y diseños de vías a intervenir por Valorización | G78: San José- Altamira-Cangrejo: L= 51,56 km | H78: 51.56 | I78: Sí | J78: Valorización | K78: 17166424376 | L78: 0 | M78: =+K78 -> 17166424376 | N78: Recursos Propios | O78: Contratación directa | P78: 2024 | Q78: En ejecución | T78: 0.87 | U78: El valor total corresponde al valor de todo el convenio de estudios y diseños de los 14 corredores de valorización
B79: Betulia | C79: Suroeste | D79: RVT | E79: 25AS111B2773 | F79: Placa huella JAC Vereda El Guadual | G79: 0,1 km | H79: 0.1 | K79: 120911434 | L79: 17986560 | M79: =+K79+L79 -> 138897994 | N79: Recursos Propios | O79: Convenio | P79: 2025 | Q79: En ejecución | T79: 0.9
B80: Betulia | C80: Suroeste | D80: RVT | E80: 25AS111B2780 | F80: Placa huella JAC Vereda Los Animes | G80: 0,1 km | H80: 0.1 | K80: 120668260 | L80: 18199514 | M80: =+K80+L80 -> 138867774 | N80: Recursos Propios | O80: Convenio | P80: 2025 | Q80: En ejecución | T80: 0.25
B81: Betulia | C81: Suroeste | D81: RVS | F81: Mejoramiento y mantenimiento de las vías del GRUPO 1 de Circuitos Estratégicos del Departamento de Antioquia. LOTE 1: Suroeste, Occidente y Urabá | G81: Altamira - Betulia: L=1km | H81: Altamira - Betulia: L=1 | K81: =3800000000/3 -> 1.2666667e+09 | L81: 0 | M81: =3800000000/3 -> 1.2666667e+09 | N81: Recursos Propios | O81: Licitación Pública | P81: 2023 | Q81: Terminado | T81: 1 | U81: Terminado 2024
B82: Briceño | C82: Norte | D82: RVT | E82: 24AS111B1736 | F82: Placa huella | G82: 1 km | H82: 1 | K82: 349997394 | L82: 624242380 | M82: =+K82+L82 -> 974239774 | N82: Materiales | O82: Convenio | P82: 2024 | Q82: Terminado | T82: 1 | U82: Terminado 2025
B83: Briceño | C83: Norte | D83: RVS | E83: 2023003050010 | F83: Pavimentación de la primera etapa de la via San Fermín – Briceño | G83: 1,8 km | H83: 1.8 | K83: 6039731295 | L83: 0 | M83: 6039731295 | N83: Regalías | P83: 2023 | Q83: En ejecución | T83: 0.8767 | U83: En ejecución
B84: Briceño | C84: Norte | D84: Puentes & P.A.P | E84: 25OO111B2581 | F84: Construcción Puente San Fermín (Ruta 25) - Briceño Km 9+40 | G84: L= 26,0m S= 8,10m | H84: L= 26,0m S= 8,10m | K84: 2249923072 | L84: 0 | M84: =+K84 -> 2249923072 | N84: Regalías | O84: Licitación Pública | P84: 2025 | Q84: Por iniciar | U84: Valor total incluye el valor de la interventoría
B85: Briceño | C85: Norte | D85: RVS | F85: Mejoramiento de la vía San Fermín - Briceño Etapa 2 (Incluye interventoría) | G85: 6,08 km | H85: 6.08 | K85: =+M85 -> 26983903880 | L85: 0 | M85: 26983903880 | N85: Regalías | O85: Licitación Pública | P85: 2025 | Q85: Por iniciar | U85: SGR POR DEFINIR En subsanación de observaciones por parte del Min Transporte, Min Minas y DNP
B86: Briceño | C86: Norte | D86: RVT | E86: 24AS111B2012 | F86: Placa huella | G86: 1 km | H86: 1 | K86: 350000000 | L86: 618123582 | M86: =+K86+L86 -> 968123582 | N86: Materiales | O86: Convenio | P86: 2024 | Q86: Terminado | T86: 1 | U86: Terminado 2026
B87: Briceño | C87: Norte | D87: RVT | E87: 25AS111B2637 | F87: Placa huella | G87: 0,3 km | H87: 0.3 | K87: 105000000 | L87: 11817450 | M87: =+K87+L87 -> 116817450 | N87: Materiales | O87: Convenio | P87: 2025 | Q87: Terminado | T87: 1 | U87: Termiando 2026
B88: Briceño | C88: Norte | D88: RVT | E88: 2024051070040 | F88: Placa huella vereda El Roblal y el Sector la Ye | G88: 0,782 km | H88: 0.782 | K88: 1316604672 | L88: 329151168 | M88: =+K88+L88 -> 1645755840 | N88: Regalías | O88: Contratación directa | P88: 2024 | Q88: Terminado | T88: 1 | U88: Terminado 2025
B89: Briceño | C89: Norte | D89: RVT | E89: 2025003050051 | F89: Placa huella en las veredas Buenavista y Chorrillo | G89: 1 km | H89: 1 | K89: 1850000000 | L89: 414647460 | M89: =+K89+L89 -> 2264647460 | N89: Regalías | O89: Contratación directa | P89: 2026 | Q89: En ejecución | T89: 0
B90: Briceño | C90: Norte | D90: RVS | F90: Interventoria RENTAN- San Fermín- Briceño | K90: 562867455 | L90: 0 | M90: =+K90 -> 562867455 | N90: Recursos Propios | O90: Contratación directa | P90: 2025 | Q90: Por iniciar | U90: Por iniciar
B91: Buriticá | C91: Occidente | D91: Puentes & P.A.P | E91: 2026003050020 | F91: Construcción Puente vehicular corregimiento Llanos de Urarco | G91: L= 17,5 m | H91: L= 17,5 m | L91: 0 | N91: Regalías | O91: Contratación Directa | P91: 2026 | Q91: En estructuración | T91: 0 | U91: Próximo a presentación a Planeación departamental
B92: Buriticá | C92: Occidente | D92: Puentes & P.A.P | E92: N/A | F92: Construcción Puente vehicular vereda Palenque | G92: L=21,5 m | H92: L=21,5 m
B93: Buriticá | C93: Occidente | D93: RVT | E93: 4600016169 | F93: Placa huella en las veredas Alto del Obispo, Tabacal, Pajarito | G93: 2,4 km | H93: 2.4 | N93: Recursos Propios | O93: Convenio | P93: 2023 | Q93: Terminado | T93: 1 | U93: Terminado 2025
B94: Buriticá | C94: Occidente | D94: RVS | F94: Actividades de mantenimiento manual | G94: 24,5 km | H94: 24.5 | N94: Recursos Propios | O94: Convenio | P94: 2024 | Q94: Terminado | T94: 1 | U94: Terminado 2025
B95: Buriticá | C95: Occidente | D95: RVT | E95: 24AS111B1979 | F95: Placa Huella | G95: 1 km | H95: 1 | N95: Cafeteros / Materiales | O95: Convenio | P95: 2024 | Q95: Terminado | T95: 0.83 | U95: En ejecución
B96: Cáceres | C96: Bajo Cauca | D96: RVT | E96: 2026003050005 | F96: Placa huella
B97: Cáceres | C97: Bajo Cauca | D97: RVS | E97: 23OO111B2525 | F97: Mantenimiento por estabilización | G97: Cáceres - La Chilona: L= 25 km | H97: 25 | I97: Sí | J97: Estabilización | N97: Recursos Propios | O97: Licitación Pública | P97: 2025 | Q97: En ejecución | U97: En actividades de topografía y se inició con los ensayos de laboratorio.
B98: Cáceres | C98: Bajo Cauca | D98: Puentes & P.A.P | E98: 20230214000110 | F98: Construcción puente peatonal sobre el río cauca en el corregimiento de Puerto Bélgica | G98: 0,25 km | H98: 0.25 | I98: No | J98: - | N98: OXI | O98: Proponente Grupo Argos | P98: 2025 | Q98: En ejecución | T98: 0 | U98: Se encuentran en revisión de las afectaciones dadas por la excavación en la zona de implantación y el tema de orden público.
B99: Caicedo | C99: Occidente | D99: RVT | E99: 24AS111B1979 | F99: Placa huella | G99: 1 km | H99: 1 | N99: Cafeteros / Materiales | O99: Convenio | P99: 2024 | Q99: Terminado | T99: 1 | U99: Terminado 2025
B100: Caicedo | C100: Occidente | D100: RVT | E100: 25AS111B2641 | F100: Placa huella | G100: 0,2 km | H100: 0.2 | N100: Materiales | O100: Convenio | P100: 2025 | Q100: Terminado | T100: 1 | U100: Terminado 2026
...

Sheet Estabilización datos 
B2: ESTABILIZACIÓN | D2: VALOR OBRA | E2: VALOR INTERVENTORÍA | F2: km | G2: VALOR POR km
B3: LOTE 1 | C3: ORIENTE | D3: 108554215084 | E3: 58743460670 | F3: 96.96 | G3: =(+D3+E3)/F3 -> 1.7254298e+09 | H3: 1292280517
B4: LOTE 2 | C4: OCCIDENTE | D4: 104855613958 | E4: 7853059284 | F4: 94.95 | G4: =(+D4+E4)/F4 -> 1.1870318e+09 | I4: =+H3*5.33 -> 6.8878552e+09
B5: LOTE 3 | C5: URABÁ | D5: 144973755369 | E5: 9595864128 | F5: 120.65 | G5: =(+D5+E5)/F5 -> 1.2811407e+09
B6: LOTE 4 | C6: MAGDALENA MEDIO | D6: 54441800920 | E6: 4769992.8 | F6: 55 | G6: =(+D6+E6)/F6 -> 9.8993765e+08
B7: LOTE 5 | C7: SUROESTE | D7: 72870090400 | E7: 5960752013 | F7: 68.26 | G7: =(+D7+E7)/F7 -> 1.1548614e+09
B8: LOTE 6 | C8: NORDESTE | D8: 57385592096 | E8: 4671608128 | F8: 54.1 | G8: =(+D8+E8)/F8 -> 1.1470832e+09
B9: LOTE 7 | C9: BAJO CAUCA | D9: 26362070969 | E9: 1854347722 | F9: 25 | G9: =(+D9+E9)/F9 -> 1.1286567e+09
B10: LOTE 8 | C10: NORTE | D10: 124487403196 | E10: 9498182082 | F10: 117.25 | G10: =(+D10+E10)/F10 -> 1.1427342e+09
